control_id,parent_event_id,date,lat,lon,label,rain_event_day_mm,rain_peak_mm,rain_peak_date,rain_3day_mm,rain_wetday_percentile,percentile_baseline,rain_peak_offset_days,rain_widepeak_mm,control_clean,season_window_days,offset_days,rain_cell_lat,rain_cell_lon,rain_cell_fallback,rain_cell_distance_km,elev_mean_m,elev_max_m,relief_m,slope_mean_deg
ind-2022-amarnath-ctrl-1,ind-2022-amarnath,2009-06-24,34.215,75.5,no_event,0.0,0.0,2009-06-24,0.0,0.0,2000-2024 wet days (>=2.5 mm) at the used cell,-3,0.0,True,15,-14,34.25,75.5,False,3.89,4113.9995039972755,5407.79052734375,2628.092529296875,30.367859553192005
ind-2022-amarnath-ctrl-2,ind-2022-amarnath,2006-07-20,34.215,75.5,no_event,0.0,0.0,2006-07-20,0.0,0.0,2000-2024 wet days (>=2.5 mm) at the used cell,-3,0.0,True,15,12,34.25,75.5,False,3.89,4113.9995039972755,5407.79052734375,2628.092529296875,30.367859553192005
ind-2022-amarnath-ctrl-3,ind-2022-amarnath,2002-07-09,34.215,75.5,no_event,0.0,0.3,2002-07-10,0.3,0.0,2000-2024 wet days (>=2.5 mm) at the used cell,1,0.3,True,15,1,34.25,75.5,False,3.89,4113.9995039972755,5407.79052734375,2628.092529296875,30.367859553192005
ind-2022-amarnath-ctrl-4,ind-2022-amarnath,2003-07-01,34.215,75.5,no_event,0.0,0.0,2003-07-01,0.9,0.0,2000-2024 wet days (>=2.5 mm) at the used cell,-2,1.2,True,15,-7,34.25,75.5,False,3.89,4113.9995039972755,5407.79052734375,2628.092529296875,30.367859553192005
ind-2022-amarnath-ctrl-5,ind-2022-amarnath,2000-06-25,34.215,75.5,no_event,0.0,0.0,2000-06-25,1.4,0.0,2000-2024 wet days (>=2.5 mm) at the used cell,-3,2.2,True,15,-13,34.25,75.5,False,3.89,4113.9995039972755,5407.79052734375,2628.092529296875,30.367859553192005
ind-2018-duststorm-ctrl-1,ind-2018-duststorm,2022-04-25,27.18,78.01,no_event,0.0,0.0,2022-04-25,0.0,0.0,2000-2024 wet days (>=2.5 mm) at the used cell,-3,0.0,True,15,-7,27.25,78.0,False,7.85,185.75903183873376,367.5622253417969,219.06222534179688,0.974650818951181
ind-2018-duststorm-ctrl-2,ind-2018-duststorm,2013-05-04,27.18,78.01,no_event,0.0,0.0,2013-05-04,0.0,0.0,2000-2024 wet days (>=2.5 mm) at the used cell,-3,0.0,True,15,2,27.25,78.0,False,7.85,185.75903183873376,367.5622253417969,219.06222534179688,0.974650818951181
ind-2018-duststorm-ctrl-3,ind-2018-duststorm,2017-04-30,27.18,78.01,no_event,2.2,2.2,2017-04-30,2.2,0.0,2000-2024 wet days (>=2.5 mm) at the used cell,0,2.2,True,15,-2,27.25,78.0,False,7.85,185.75903183873376,367.5622253417969,219.06222534179688,0.974650818951181
ind-2018-duststorm-ctrl-4,ind-2018-duststorm,2001-04-29,27.18,78.01,no_event,0.0,0.0,2001-04-29,0.0,0.0,2000-2024 wet days (>=2.5 mm) at the used cell,-3,0.0,True,15,-3,27.25,78.0,False,7.85,185.75903183873376,367.5622253417969,219.06222534179688,0.974650818951181
ind-2018-duststorm-ctrl-5,ind-2018-duststorm,2019-05-14,27.18,78.01,no_event,0.0,0.0,2019-05-14,0.3,0.0,2000-2024 wet days (>=2.5 mm) at the used cell,-1,0.3,True,15,12,27.25,78.0,False,7.85,185.75903183873376,367.5622253417969,219.06222534179688,0.974650818951181
ind-2024-jalpaiguri-ctrl-1,ind-2024-jalpaiguri,2023-04-09,26.517,88.733,no_event,0.0,0.0,2023-04-09,0.0,0.0,2000-2024 wet days (>=2.5 mm) at the used cell,-3,0.0,True,15,9,26.5,88.75,False,2.54,82.83403955500097,109.7392349243164,44.021583557128906,1.767167382249673
ind-2024-jalpaiguri-ctrl-2,ind-2024-jalpaiguri,2010-03-20,26.517,88.733,no_event,0.0,0.0,2010-03-20,0.0,0.0,2000-2024 wet days (>=2.5 mm) at the used cell,3,1.0,True,15,-11,26.5,88.75,False,2.54,82.83403955500097,109.7392349243164,44.021583557128906,1.767167382249673
ind-2024-jalpaiguri-ctrl-3,ind-2024-jalpaiguri,2001-03-18,26.517,88.733,no_event,0.0,0.0,2001-03-18,0.0,0.0,2000-2024 wet days (>=2.5 mm) at the used cell,4,1.8,True,15,-13,26.5,88.75,False,2.54,82.83403955500097,109.7392349243164,44.021583557128906,1.767167382249673
ind-2024-jalpaiguri-ctrl-4,ind-2024-jalpaiguri,2007-03-27,26.517,88.733,no_event,0.0,0.0,2007-03-27,0.0,0.0,2000-2024 wet days (>=2.5 mm) at the used cell,-2,0.1,True,15,-4,26.5,88.75,False,2.54,82.83403955500097,109.7392349243164,44.021583557128906,1.767167382249673
ind-2024-jalpaiguri-ctrl-5,ind-2024-jalpaiguri,2000-03-20,26.517,88.733,no_event,0.0,0.0,2000-03-20,0.8,0.0,2000-2024 wet days (>=2.5 mm) at the used cell,-1,0.8,True,15,-11,26.5,88.75,False,2.54,82.83403955500097,109.7392349243164,44.021583557128906,1.767167382249673
ind-2013-kedarnath-ctrl-1,ind-2013-kedarnath,2014-06-11,30.735,79.067,no_event,0.0,2.5,2014-06-12,2.5,0.0,2000-2024 wet days (>=2.5 mm) at the used cell,1,2.5,True,15,-5,30.75,79.0,False,6.62,4265.907542201283,6902.2021484375,5404.4405517578125,30.922794041074244
ind-2013-kedarnath-ctrl-2,ind-2013-kedarnath,2006-06-15,30.735,79.067,no_event,1.5,1.8,2006-06-16,3.3,0.0,2000-2024 wet days (>=2.5 mm) at the used cell,1,1.8,True,15,-1,30.75,79.0,False,6.62,4265.907542201283,6902.2021484375,5404.4405517578125,30.922794041074244
ind-2013-kedarnath-ctrl-3,ind-2013-kedarnath,2009-06-04,30.735,79.067,no_event,0.3,0.3,2009-06-04,0.3,0.0,2000-2024 wet days (>=2.5 mm) at the used cell,2,1.1,True,15,-12,30.75,79.0,False,6.62,4265.907542201283,6902.2021484375,5404.4405517578125,30.922794041074244
ind-2013-kedarnath-ctrl-4,ind-2013-kedarnath,2005-06-02,30.735,79.067,no_event,0.0,0.0,2005-06-02,0.0,0.0,2000-2024 wet days (>=2.5 mm) at the used cell,-2,1.3,True,15,-14,30.75,79.0,False,6.62,4265.907542201283,6902.2021484375,5404.4405517578125,30.922794041074244
ind-2013-kedarnath-ctrl-5,ind-2013-kedarnath,2012-06-04,30.735,79.067,no_event,0.0,1.8,2012-06-05,1.8,0.0,2000-2024 wet days (>=2.5 mm) at the used cell,1,1.8,True,15,-12,30.75,79.0,False,6.62,4265.907542201283,6902.2021484375,5404.4405517578125,30.922794041074244
ind-2020-hyderabad-ctrl-1,ind-2020-hyderabad,2001-10-21,17.385,78.487,no_event,0.0,0.0,2001-10-21,0.0,0.0,2000-2024 wet days (>=2.5 mm) at the used cell,-3,1.3,True,15,7,17.5,78.5,False,12.86,536.4714505805122,656.1085815429688,203.10858154296875,3.0341042442780006
ind-2020-hyderabad-ctrl-2,ind-2020-hyderabad,2006-10-20,17.385,78.487,no_event,0.0,0.0,2006-10-20,0.0,0.0,2000-2024 wet days (>=2.5 mm) at the used cell,2,0.5,True,15,6,17.5,78.5,False,12.86,536.4714505805122,656.1085815429688,203.10858154296875,3.0341042442780006
ind-2020-hyderabad-ctrl-3,ind-2020-hyderabad,2005-10-03,17.385,78.487,no_event,0.0,0.0,2005-10-03,0.0,0.0,2000-2024 wet days (>=2.5 mm) at the used cell,-3,0.0,True,15,-11,17.5,78.5,False,12.86,536.4714505805122,656.1085815429688,203.10858154296875,3.0341042442780006
ind-2020-hyderabad-ctrl-4,ind-2020-hyderabad,2012-10-28,17.385,78.487,no_event,0.0,0.0,2012-10-28,0.0,0.0,2000-2024 wet days (>=2.5 mm) at the used cell,-3,0.0,True,15,14,17.5,78.5,False,12.86,536.4714505805122,656.1085815429688,203.10858154296875,3.0341042442780006
ind-2020-hyderabad-ctrl-5,ind-2020-hyderabad,2014-09-30,17.385,78.487,no_event,0.4,0.4,2014-09-30,0.4,0.0,2000-2024 wet days (>=2.5 mm) at the used cell,-2,1.0,True,15,-14,17.5,78.5,False,12.86,536.4714505805122,656.1085815429688,203.10858154296875,3.0341042442780006
ind-2019-pune-ctrl-1,ind-2019-pune,2000-09-13,18.52,73.857,no_event,0.0,0.0,2000-09-13,0.0,0.0,2000-2024 wet days (>=2.5 mm) at the used cell,-3,0.2,True,15,-12,18.5,73.75,False,11.5,619.053409263931,1149.7490234375,622.9832763671875,5.302693128485139
ind-2019-pune-ctrl-2,ind-2019-pune,2024-10-07,18.52,73.857,no_event,0.0,0.0,2024-10-07,0.0,0.0,2000-2024 wet days (>=2.5 mm) at the used cell,3,1.9,True,15,12,18.5,73.75,False,11.5,619.053409263931,1149.7490234375,622.9832763671875,5.302693128485139
ind-2019-pune-ctrl-3,ind-2019-pune,2003-09-17,18.52,73.857,no_event,0.0,0.0,2003-09-17,0.0,0.0,2000-2024 wet days (>=2.5 mm) at the used cell,-3,1.3,True,15,-8,18.5,73.75,False,11.5,619.053409263931,1149.7490234375,622.9832763671875,5.302693128485139
ind-2019-pune-ctrl-4,ind-2019-pune,2022-09-25,18.52,73.857,no_event,0.5,0.5,2022-09-25,0.5,0.0,2000-2024 wet days (>=2.5 mm) at the used cell,4,0.6,True,15,0,18.5,73.75,False,11.5,619.053409263931,1149.7490234375,622.9832763671875,5.302693128485139
ind-2019-pune-ctrl-5,ind-2019-pune,2018-09-14,18.52,73.857,no_event,0.0,0.0,2018-09-14,0.0,0.0,2000-2024 wet days (>=2.5 mm) at the used cell,-3,0.0,True,15,-11,18.5,73.75,False,11.5,619.053409263931,1149.7490234375,622.9832763671875,5.302693128485139
ind-2021-maharashtra-ctrl-1,ind-2021-maharashtra,2008-08-21,18.08,73.42,no_event,0.0,0.0,2008-08-21,0.0,0.0,2000-2024 wet days (>=2.5 mm) at the used cell,-3,0.0,True,30,30,18.0,73.5,False,12.27,355.1092509184462,1436.3248291015625,1437.4193232059479,9.766793091010806
ind-2021-maharashtra-ctrl-2,ind-2021-maharashtra,2014-06-27,18.08,73.42,no_event,0.0,0.0,2014-06-27,0.7,0.0,2000-2024 wet days (>=2.5 mm) at the used cell,-1,0.7,True,30,-25,18.0,73.5,False,12.27,355.1092509184462,1436.3248291015625,1437.4193232059479,9.766793091010806
ind-2021-maharashtra-ctrl-3,ind-2021-maharashtra,2015-07-04,18.08,73.42,no_event,0.0,0.1,2015-07-05,0.1,0.0,2000-2024 wet days (>=2.5 mm) at the used cell,-3,20.6,False,30,-18,18.0,73.5,False,12.27,355.1092509184462,1436.3248291015625,1437.4193232059479,9.766793091010806
ind-2021-maharashtra-ctrl-4,ind-2021-maharashtra,2000-08-07,18.08,73.42,no_event,0.0,0.7,2000-08-08,0.7,0.0,2000-2024 wet days (>=2.5 mm) at the used cell,4,121.3,False,30,16,18.0,73.5,False,12.27,355.1092509184462,1436.3248291015625,1437.4193232059479,9.766793091010806
ind-2021-maharashtra-ctrl-5,ind-2021-maharashtra,2024-08-15,18.08,73.42,no_event,0.0,0.1,2024-08-16,1.1,0.0,2000-2024 wet days (>=2.5 mm) at the used cell,3,20.3,False,30,24,18.0,73.5,False,12.27,355.1092509184462,1436.3248291015625,1437.4193232059479,9.766793091010806
ind-2022-bengaluru-ctrl-1,ind-2022-bengaluru,2000-09-07,12.972,77.595,no_event,0.0,0.8,2000-09-08,2.5,0.0,2000-2024 wet days (>=2.5 mm) at the used cell,2,1.8,True,15,2,13.0,77.5,False,10.75,881.7133233423497,955.0121459960938,205.92791748046875,3.732156915728966
ind-2022-bengaluru-ctrl-2,ind-2022-bengaluru,2012-09-03,12.972,77.595,no_event,0.0,0.1,2012-09-04,0.1,0.0,2000-2024 wet days (>=2.5 mm) at the used cell,-2,1.3,True,15,-2,13.0,77.5,False,10.75,881.7133233423497,955.0121459960938,205.92791748046875,3.732156915728966
ind-2022-bengaluru-ctrl-3,ind-2022-bengaluru,2001-08-31,12.972,77.595,no_event,0.1,1.9,2001-09-01,2.0,0.0,2000-2024 wet days (>=2.5 mm) at the used cell,4,2.5,True,15,-5,13.0,77.5,False,10.75,881.7133233423497,955.0121459960938,205.92791748046875,3.732156915728966
ind-2022-bengaluru-ctrl-4,ind-2022-bengaluru,2024-09-20,12.972,77.595,no_event,0.8,0.8,2024-09-20,0.8,0.0,2000-2024 wet days (>=2.5 mm) at the used cell,4,1.0,True,15,15,13.0,77.5,False,10.75,881.7133233423497,955.0121459960938,205.92791748046875,3.732156915728966
ind-2022-bengaluru-ctrl-5,ind-2022-bengaluru,2006-09-12,12.972,77.595,no_event,0.0,0.0,2006-09-12,0.2,0.0,2000-2024 wet days (>=2.5 mm) at the used cell,3,0.9,True,15,7,13.0,77.5,False,10.75,881.7133233423497,955.0121459960938,205.92791748046875,3.732156915728966
ind-2023-sikkim-ctrl-1,ind-2023-sikkim,2019-10-19,27.91,88.18,no_event,0.0,0.0,2019-10-19,0.0,0.0,2000-2024 wet days (>=2.5 mm) at the used cell,-3,0.0,True,15,15,28.0,88.25,False,12.14,3360.7129243851386,8564.2939453125,8381.2939453125,28.574405920658123
ind-2023-sikkim-ctrl-2,ind-2023-sikkim,2003-10-15,27.91,88.18,no_event,0.0,0.0,2003-10-15,0.0,0.0,2000-2024 wet days (>=2.5 mm) at the used cell,-3,0.0,True,15,11,28.0,88.25,False,12.14,3360.7129243851386,8564.2939453125,8381.2939453125,28.574405920658123
ind-2023-sikkim-ctrl-3,ind-2023-sikkim,2011-10-06,27.91,88.18,no_event,0.0,0.0,2011-10-06,0.9,0.0,2000-2024 wet days (>=2.5 mm) at the used cell,-1,0.9,True,15,2,28.0,88.25,False,12.14,3360.7129243851386,8564.2939453125,8381.2939453125,28.574405920658123
ind-2023-sikkim-ctrl-4,ind-2023-sikkim,2001-10-19,27.91,88.18,no_event,0.0,0.0,2001-10-19,0.0,0.0,2000-2024 wet days (>=2.5 mm) at the used cell,-3,0.0,True,15,15,28.0,88.25,False,12.14,3360.7129243851386,8564.2939453125,8381.2939453125,28.574405920658123
ind-2023-sikkim-ctrl-5,ind-2023-sikkim,2014-10-09,27.91,88.18,no_event,0.0,0.0,2014-10-09,1.7,0.0,2000-2024 wet days (>=2.5 mm) at the used cell,-1,1.7,True,15,5,28.0,88.25,False,12.14,3360.7129243851386,8564.2939453125,8381.2939453125,28.574405920658123
ind-2015-chennai-ctrl-1,ind-2015-chennai,2006-11-27,13.083,80.271,no_event,0.2,0.2,2006-11-27,0.2,0.0,2000-2024 wet days (>=2.5 mm) at the used cell,3,1.9,True,15,-4,13.25,80.25,True,18.71,7.130324648597642,79.38639068603516,98.5422592163086,1.424727982670225
ind-2015-chennai-ctrl-2,ind-2015-chennai,2018-12-15,13.083,80.271,no_event,0.0,0.0,2018-12-15,0.0,0.0,2000-2024 wet days (>=2.5 mm) at the used cell,-3,0.0,True,15,14,13.25,80.25,True,18.71,7.130324648597642,79.38639068603516,98.5422592163086,1.424727982670225
ind-2015-chennai-ctrl-3,ind-2015-chennai,2007-12-13,13.083,80.271,no_event,0.0,0.0,2007-12-13,0.0,0.0,2000-2024 wet days (>=2.5 mm) at the used cell,-3,0.0,True,15,12,13.25,80.25,True,18.71,7.130324648597642,79.38639068603516,98.5422592163086,1.424727982670225
ind-2015-chennai-ctrl-4,ind-2015-chennai,2008-12-04,13.083,80.271,no_event,0.0,0.0,2008-12-04,0.0,0.0,2000-2024 wet days (>=2.5 mm) at the used cell,-3,2.4,True,15,3,13.25,80.25,True,18.71,7.130324648597642,79.38639068603516,98.5422592163086,1.424727982670225
ind-2015-chennai-ctrl-5,ind-2015-chennai,2014-12-03,13.083,80.271,no_event,0.0,0.0,2014-12-03,0.0,0.0,2000-2024 wet days (>=2.5 mm) at the used cell,-2,0.4,True,15,2,13.25,80.25,True,18.71,7.130324648597642,79.38639068603516,98.5422592163086,1.424727982670225
ind-2014-kashmir-ctrl-1,ind-2014-kashmir,2019-08-25,34.084,74.797,no_event,0.0,0.5,2019-08-26,0.5,0.0,2000-2024 wet days (>=2.5 mm) at the used cell,1,0.5,True,15,-8,34.0,74.75,False,10.3,2276.783020478826,5116.6455078125,3952.6455078125,18.128744705925595
ind-2014-kashmir-ctrl-2,ind-2014-kashmir,2024-09-07,34.084,74.797,no_event,0.0,0.0,2024-09-07,0.0,0.0,2000-2024 wet days (>=2.5 mm) at the used cell,-3,0.0,True,15,5,34.0,74.75,False,10.3,2276.783020478826,5116.6455078125,3952.6455078125,18.128744705925595
ind-2014-kashmir-ctrl-3,ind-2014-kashmir,2006-09-11,34.084,74.797,no_event,0.0,0.2,2006-09-12,0.2,0.0,2000-2024 wet days (>=2.5 mm) at the used cell,1,0.2,True,15,9,34.0,74.75,False,10.3,2276.783020478826,5116.6455078125,3952.6455078125,18.128744705925595
ind-2014-kashmir-ctrl-4,ind-2014-kashmir,2015-09-08,34.084,74.797,no_event,0.0,0.0,2015-09-08,0.0,0.0,2000-2024 wet days (>=2.5 mm) at the used cell,-3,0.0,True,15,6,34.0,74.75,False,10.3,2276.783020478826,5116.6455078125,3952.6455078125,18.128744705925595
ind-2014-kashmir-ctrl-5,ind-2014-kashmir,2005-08-31,34.084,74.797,no_event,0.0,0.0,2005-08-31,0.0,0.0,2000-2024 wet days (>=2.5 mm) at the used cell,-2,0.1,True,15,-2,34.0,74.75,False,10.3,2276.783020478826,5116.6455078125,3952.6455078125,18.128744705925595
ind-2005-mumbai-ctrl-1,ind-2005-mumbai,2000-07-25,19.12,72.846,no_event,0.0,0.0,2000-07-25,1.8,0.0,2000-2024 wet days (>=2.5 mm) at the used cell,-1,1.8,True,15,-1,19.0,72.75,False,16.73,24.784286514700106,488.6098327636719,497.6944856643677,3.3770280674595488
ind-2005-mumbai-ctrl-2,ind-2005-mumbai,2009-08-05,19.12,72.846,no_event,0.2,0.4,2009-08-06,0.6,0.0,2000-2024 wet days (>=2.5 mm) at the used cell,2,2.5,True,15,10,19.0,72.75,False,16.73,24.784286514700106,488.6098327636719,497.6944856643677,3.3770280674595488
ind-2005-mumbai-ctrl-3,ind-2005-mumbai,2002-07-31,19.12,72.846,no_event,0.2,0.2,2002-07-31,0.2,0.0,2000-2024 wet days (>=2.5 mm) at the used cell,4,27.8,False,15,5,19.0,72.75,False,16.73,24.784286514700106,488.6098327636719,497.6944856643677,3.3770280674595488
ind-2005-mumbai-ctrl-4,ind-2005-mumbai,2022-07-30,19.12,72.846,no_event,0.2,0.3,2022-07-31,0.7,0.0,2000-2024 wet days (>=2.5 mm) at the used cell,-3,24.5,False,15,4,19.0,72.75,False,16.73,24.784286514700106,488.6098327636719,497.6944856643677,3.3770280674595488
ind-2005-mumbai-ctrl-5,ind-2005-mumbai,2017-08-05,19.12,72.846,no_event,1.0,1.0,2017-08-05,2.8,0.0,2000-2024 wet days (>=2.5 mm) at the used cell,2,9.2,False,15,10,19.0,72.75,False,16.73,24.784286514700106,488.6098327636719,497.6944856643677,3.3770280674595488
ind-2010-leh-ctrl-1,ind-2010-leh,2001-08-12,34.153,77.577,no_event,0.0,0.0,2001-08-12,0.0,0.0,2000-2024 wet days (>=2.5 mm) at the used cell,-3,0.0,True,15,6,34.25,77.5,False,12.9,4023.8668754738137,5772.853515625,2605.853515625,20.130073923178067
ind-2010-leh-ctrl-2,ind-2010-leh,2016-07-27,34.153,77.577,no_event,0.0,0.0,2016-07-27,0.0,0.0,2000-2024 wet days (>=2.5 mm) at the used cell,-3,0.0,True,15,-10,34.25,77.5,False,12.9,4023.8668754738137,5772.853515625,2605.853515625,20.130073923178067
ind-2010-leh-ctrl-3,ind-2010-leh,2022-08-06,34.153,77.577,no_event,0.0,0.0,2022-08-06,0.0,0.0,2000-2024 wet days (>=2.5 mm) at the used cell,-3,0.0,True,15,0,34.25,77.5,False,12.9,4023.8668754738137,5772.853515625,2605.853515625,20.130073923178067
ind-2010-leh-ctrl-4,ind-2010-leh,2023-08-09,34.153,77.577,no_event,0.0,0.0,2023-08-09,0.0,0.0,2000-2024 wet days (>=2.5 mm) at the used cell,-3,0.0,True,15,3,34.25,77.5,False,12.9,4023.8668754738137,5772.853515625,2605.853515625,20.130073923178067
ind-2010-leh-ctrl-5,ind-2010-leh,2017-08-15,34.153,77.577,no_event,0.0,0.0,2017-08-15,0.0,0.0,2000-2024 wet days (>=2.5 mm) at the used cell,-3,0.0,True,15,9,34.25,77.5,False,12.9,4023.8668754738137,5772.853515625,2605.853515625,20.130073923178067
ind-2023-himachal-ctrl-1,ind-2023-himachal,2011-07-01,32.243,77.189,no_event,0.3,0.3,2011-07-01,2.3,0.0,2000-2024 wet days (>=2.5 mm) at the used cell,-1,2.0,True,15,-8,32.25,77.25,False,5.79,2654.3566033215984,6191.44189453125,5617.538635253906,29.21268350480043
ind-2023-himachal-ctrl-2,ind-2023-himachal,2004-07-02,32.243,77.189,no_event,0.0,1.5,2004-07-03,1.5,0.0,2000-2024 wet days (>=2.5 mm) at the used cell,1,1.5,True,15,-7,32.25,77.25,False,5.79,2654.3566033215984,6191.44189453125,5617.538635253906,29.21268350480043
ind-2023-himachal-ctrl-3,ind-2023-himachal,2012-06-26,32.243,77.189,no_event,0.0,0.0,2012-06-26,0.0,0.0,2000-2024 wet days (>=2.5 mm) at the used cell,-3,0.0,True,15,-13,32.25,77.25,False,5.79,2654.3566033215984,6191.44189453125,5617.538635253906,29.21268350480043
ind-2023-himachal-ctrl-4,ind-2023-himachal,2009-07-07,32.243,77.189,no_event,0.0,0.7,2009-07-08,0.7,0.0,2000-2024 wet days (>=2.5 mm) at the used cell,4,2.4,True,15,-2,32.25,77.25,False,5.79,2654.3566033215984,6191.44189453125,5617.538635253906,29.21268350480043
ind-2023-himachal-ctrl-5,ind-2023-himachal,2003-06-28,32.243,77.189,no_event,1.0,1.0,2003-06-28,1.0,0.0,2000-2024 wet days (>=2.5 mm) at the used cell,2,1.3,True,15,-11,32.25,77.25,False,5.79,2654.3566033215984,6191.44189453125,5617.538635253906,29.21268350480043
ind-2020-bihar-ctrl-1,ind-2020-bihar,2009-06-12,26.47,84.44,no_event,0.0,0.5,2009-06-13,0.5,0.0,2000-2024 wet days (>=2.5 mm) at the used cell,1,0.5,True,15,-13,26.5,84.5,False,6.84,51.31805182533647,390.24615478515625,358.0806350708008,1.2679086751237723
ind-2020-bihar-ctrl-2,ind-2020-bihar,2000-06-28,26.47,84.44,no_event,0.6,0.6,2000-06-28,1.1,0.0,2000-2024 wet days (>=2.5 mm) at the used cell,-3,0.9,True,15,3,26.5,84.5,False,6.84,51.31805182533647,390.24615478515625,358.0806350708008,1.2679086751237723
ind-2020-bihar-ctrl-3,ind-2020-bihar,2012-06-16,26.47,84.44,no_event,0.0,0.0,2012-06-16,0.0,0.0,2000-2024 wet days (>=2.5 mm) at the used cell,4,0.1,True,15,-9,26.5,84.5,False,6.84,51.31805182533647,390.24615478515625,358.0806350708008,1.2679086751237723
ind-2020-bihar-ctrl-4,ind-2020-bihar,2024-06-12,26.47,84.44,no_event,0.0,0.0,2024-06-12,0.0,0.0,2000-2024 wet days (>=2.5 mm) at the used cell,-3,0.0,True,15,-13,26.5,84.5,False,6.84,51.31805182533647,390.24615478515625,358.0806350708008,1.2679086751237723
ind-2020-bihar-ctrl-5,ind-2020-bihar,2007-06-26,26.47,84.44,no_event,0.3,1.3,2007-06-27,1.7,0.0,2000-2024 wet days (>=2.5 mm) at the used cell,1,1.3,True,15,1,26.5,84.5,False,6.84,51.31805182533647,390.24615478515625,358.0806350708008,1.2679086751237723
