id,rain_event_day_mm,rain_peak_mm,rain_peak_date,rain_3day_mm,rain_wetday_percentile,percentile_baseline,rain_peak_offset_days,rain_widepeak_mm,rain_cell_lat,rain_cell_lon,rain_cell_fallback,rain_cell_distance_km,elev_mean_m,elev_max_m,relief_m,slope_mean_deg
ind-2022-amarnath,1.4,2.3,2022-07-09,4.0,,2000-2024 wet days (>=2.5 mm) at the used cell,-3,11.4,34.25,75.5,False,3.89,4113.9995039972755,5407.79052734375,2628.092529296875,30.367859553192005
ind-2018-duststorm,0.0,20.5,2018-05-03,20.5,80.5,2000-2024 wet days (>=2.5 mm) at the used cell,1,20.5,27.25,78.0,False,7.85,185.75903183873376,367.5622253417969,219.06222534179688,0.974650818951181
ind-2024-jalpaiguri,11.5,11.5,2024-03-31,15.4,43.4,2000-2024 wet days (>=2.5 mm) at the used cell,0,11.5,26.5,88.75,False,2.54,82.83403955500097,109.7392349243164,44.021583557128906,1.767167382249673
ind-2013-kedarnath,46.0,81.6,2013-06-17,150.3,99.8,2000-2024 wet days (>=2.5 mm) at the used cell,1,81.6,30.75,79.0,False,6.62,4265.907542201283,6902.2021484375,5404.4405517578125,30.922794041074244
ind-2020-hyderabad,190.1,190.1,2020-10-14,230.3,100.0,2000-2024 wet days (>=2.5 mm) at the used cell,0,190.1,17.5,78.5,False,12.86,536.4714505805122,656.1085815429688,203.10858154296875,3.0341042442780006
ind-2019-pune,78.1,78.1,2019-09-25,173.4,95.1,2000-2024 wet days (>=2.5 mm) at the used cell,0,78.1,18.5,73.75,False,11.5,619.053409263931,1149.7490234375,622.9832763671875,5.302693128485139
ind-2021-maharashtra,400.4,465.6,2021-07-23,998.6,100.0,2000-2024 wet days (>=2.5 mm) at the used cell,1,465.6,18.0,73.5,False,12.27,355.1092509184462,1436.3248291015625,1437.4193232059479,9.766793091010806
ind-2022-bengaluru,119.0,119.0,2022-09-05,205.4,99.9,2000-2024 wet days (>=2.5 mm) at the used cell,0,119.0,13.0,77.5,False,10.75,881.7133233423497,955.0121459960938,205.92791748046875,3.732156915728966
ind-2023-sikkim,41.2,41.2,2023-10-04,81.4,95.6,2000-2024 wet days (>=2.5 mm) at the used cell,4,44.6,28.0,88.25,False,12.14,3360.7129243851386,8564.2939453125,8381.2939453125,28.574405920658123
ind-2015-chennai,72.3,329.3,2015-12-02,434.5,100.0,2000-2024 wet days (>=2.5 mm) at the used cell,1,329.3,13.25,80.25,True,18.71,7.130324648597642,79.38639068603516,98.5422592163086,1.424727982670225
ind-2014-kashmir,0.3,25.5,2014-09-03,29.6,90.3,2000-2024 wet days (>=2.5 mm) at the used cell,3,81.3,34.0,74.75,False,10.3,2276.783020478826,5116.6455078125,3952.6455078125,18.128744705925595
ind-2005-mumbai,6.9,492.4,2005-07-27,506.6,100.0,2000-2024 wet days (>=2.5 mm) at the used cell,1,492.4,19.0,72.75,False,16.73,24.784286514700106,488.6098327636719,497.6944856643677,3.3770280674595488
ind-2010-leh,0.4,0.5,2010-08-07,2.5,,2000-2024 wet days (>=2.5 mm) at the used cell,-2,5.4,34.25,77.5,False,12.9,4023.8668754738137,5772.853515625,2605.853515625,20.130073923178067
ind-2023-himachal,120.7,120.7,2023-07-09,165.9,100.0,2000-2024 wet days (>=2.5 mm) at the used cell,0,120.7,32.25,77.25,False,5.79,2654.3566033215984,6191.44189453125,5617.538635253906,29.21268350480043
ind-2020-bihar,26.8,84.5,2020-06-26,114.6,97.3,2000-2024 wet days (>=2.5 mm) at the used cell,1,84.5,26.5,84.5,False,6.84,51.31805182533647,390.24615478515625,358.0806350708008,1.2679086751237723
