auto_id,date,lat,lon,max_rain_mm,n_cells,label_quality,source,elev_mean_m,elev_max_m,relief_m,slope_mean_deg
auto-001,2022-06-17,25.25,91.25,979.144775390625,206,auto_detected,imd_threshold,452.66562520224517,1563.0074462890625,1563.519818842411,13.837971797449974
auto-002,2014-07-08,25.25,91.25,711.0648193359375,21,auto_detected,imd_threshold,452.66562520224517,1563.0074462890625,1563.519818842411,13.837971797449974
auto-003,2023-12-18,8.5,78.0,689.0372314453125,29,auto_detected,imd_threshold,8.510267370658685,64.66437530517578,66.9659206867218,1.608302458996117
auto-004,2015-08-19,25.25,91.25,679.2213134765625,126,auto_detected,imd_threshold,452.66562520224517,1563.0074462890625,1563.519818842411,13.837971797449974
auto-005,2005-07-05,29.25,80.0,663.0941162109375,22,auto_detected,imd_threshold,1280.3104802622101,2086.655029296875,1695.4884948730469,24.68771619342079
auto-006,2024-06-18,25.25,91.25,660.5491943359375,107,auto_detected,imd_threshold,452.66562520224517,1563.0074462890625,1563.519818842411,13.837971797449974
auto-007,2024-05-30,25.25,91.25,645.3772583007812,88,auto_detected,imd_threshold,452.66562520224517,1563.0074462890625,1563.519818842411,13.837971797449974
auto-008,2015-06-08,25.25,91.25,600.5465087890625,67,auto_detected,imd_threshold,452.66562520224517,1563.0074462890625,1563.519818842411,13.837971797449974
auto-009,2005-08-04,25.75,85.75,600.0,2,auto_detected,imd_threshold,46.34189266841559,68.31361389160156,32.69660186767578,1.6090809917694047
auto-010,2020-06-28,25.25,91.25,539.9127807617188,51,auto_detected,imd_threshold,452.66562520224517,1563.0074462890625,1563.519818842411,13.837971797449974
auto-011,2018-07-22,21.5,83.75,534.245849609375,25,auto_detected,imd_threshold,222.61638378819595,645.0079956054688,502.2896728515625,3.878714437582275
auto-012,2015-06-25,21.5,70.75,531.925048828125,39,auto_detected,imd_threshold,141.15519188889868,244.01788330078125,173.51788330078125,1.0295113267017069
auto-013,2022-07-11,22.5,73.75,531.7506103515625,152,auto_detected,imd_threshold,178.98213200758005,448.7742004394531,347.70630645751953,5.920476757138779
auto-014,2021-09-13,20.0,86.0,526.7105712890625,85,auto_detected,imd_threshold,7.863366369574747,23.342269897460938,21.937008142471313,1.5129358773156294
auto-015,2014-09-23,25.25,91.25,519.6556396484375,83,auto_detected,imd_threshold,452.66562520224517,1563.0074462890625,1563.519818842411,13.837971797449974
auto-016,2020-07-11,25.25,91.25,518.740234375,68,auto_detected,imd_threshold,452.66562520224517,1563.0074462890625,1563.519818842411,13.837971797449974
auto-017,2021-10-19,28.75,79.25,512.23291015625,70,auto_detected,imd_threshold,184.08703888851213,211.55075073242188,42.209442138671875,1.5374069560624022
auto-018,2014-06-22,25.25,91.25,512.0761108398438,35,auto_detected,imd_threshold,452.66562520224517,1563.0074462890625,1563.519818842411,13.837971797449974
auto-019,2021-06-29,25.25,91.5,507.0380859375,35,auto_detected,imd_threshold,649.6917350487892,1774.081298828125,1771.581298828125,18.700545566200166
auto-020,2022-05-16,25.25,91.25,505.8149719238281,96,auto_detected,imd_threshold,452.66562520224517,1563.0074462890625,1563.519818842411,13.837971797449974
auto-021,2010-05-21,15.75,79.75,494.7169494628906,20,auto_detected,imd_threshold,88.96622957320508,630.40283203125,596.1812019348145,1.959023856274111
auto-022,2019-08-14,20.75,83.25,487.10498046875,26,auto_detected,imd_threshold,234.94873477259506,671.8546752929688,497.9405975341797,3.7266806244156854
auto-023,2010-10-15,13.5,75.0,484.7345886230469,3,auto_detected,imd_threshold,394.53756892872565,906.698974609375,873.2494850158691,13.365450635574861
auto-024,2013-07-19,18.5,80.25,478.3231506347656,38,auto_detected,imd_threshold,137.39755290504738,348.0265197753906,278.0265197753906,3.4581558127578544
auto-025,2019-08-05,21.5,73.25,476.97259521484375,615,auto_detected,imd_threshold,77.2982674453014,229.94204711914062,257.2137508392334,2.0749730280544294
auto-026,2015-06-01,25.25,91.5,473.43218994140625,33,auto_detected,imd_threshold,649.6917350487892,1774.081298828125,1771.581298828125,18.700545566200166
auto-027,2005-09-14,21.5,80.25,466.9411315917969,24,auto_detected,imd_threshold,302.0277536391647,418.3099365234375,148.3099365234375,1.5816737294633125
auto-028,2005-09-20,17.5,81.0,456.8641662597656,116,auto_detected,imd_threshold,169.92695712981518,669.52099609375,651.1297245025635,9.052037601911076
auto-029,2023-06-21,26.75,90.25,449.0838317871094,84,auto_detected,imd_threshold,226.71116460764378,1610.4913330078125,1535.4913330078125,6.580780276251288
auto-030,2010-08-31,19.5,79.75,448.07525634765625,12,auto_detected,imd_threshold,168.09703965832745,272.38134765625,147.38134765625,1.5184439576923965
auto-031,2023-06-18,25.25,72.75,446.4458312988281,84,auto_detected,imd_threshold,211.04436331915207,795.7481689453125,641.9993438720703,2.643006187912061
auto-032,2022-06-13,25.25,91.25,445.58502197265625,38,auto_detected,imd_threshold,452.66562520224517,1563.0074462890625,1563.519818842411,13.837971797449974
auto-033,2010-07-27,22.5,70.0,442.47052001953125,34,auto_detected,imd_threshold,11.67886865820032,70.339111328125,76.339111328125,0.7774654714680853
auto-034,2005-06-29,20.5,73.25,438.9960021972656,490,auto_detected,imd_threshold,168.56652911815408,675.4244384765625,638.4244384765625,10.01272787356925
auto-035,2023-07-13,25.25,91.25,437.4820861816406,15,auto_detected,imd_threshold,452.66562520224517,1563.0074462890625,1563.519818842411,13.837971797449974
auto-036,2020-08-05,19.75,72.5,434.560546875,94,auto_detected,imd_threshold,0.0,0.0,0.0,0.0
auto-037,2015-07-28,24.5,72.0,426.5783386230469,234,auto_detected,imd_threshold,148.25720995453258,188.58067321777344,70.4515609741211,1.330288880851025
auto-038,2024-07-01,25.25,91.25,426.5320739746094,42,auto_detected,imd_threshold,452.66562520224517,1563.0074462890625,1563.519818842411,13.837971797449974
auto-039,2020-07-06,22.25,69.5,424.9625244140625,79,auto_detected,imd_threshold,23.584258647146132,84.705810546875,91.2675633430481,0.7463242429852776
auto-040,2005-06-24,25.25,91.25,423.8961486816406,57,auto_detected,imd_threshold,452.66562520224517,1563.0074462890625,1563.519818842411,13.837971797449974
auto-041,2021-08-14,25.25,91.25,421.0238037109375,29,auto_detected,imd_threshold,452.66562520224517,1563.0074462890625,1563.519818842411,13.837971797449974
auto-042,2023-07-19,21.0,70.25,420.8348083496094,19,auto_detected,imd_threshold,24.00631369505716,105.59923553466797,106.4354407787323,1.609207879620517
auto-043,2014-07-07,27.25,81.25,419.6787109375,28,auto_detected,imd_threshold,117.32583672631345,140.45516967773438,35.455169677734375,1.2681232166107064
auto-044,2010-06-27,25.25,91.25,417.33148193359375,100,auto_detected,imd_threshold,452.66562520224517,1563.0074462890625,1563.519818842411,13.837971797449974
auto-045,2024-07-08,28.75,79.25,414.83721923828125,17,auto_detected,imd_threshold,184.08703888851213,211.55075073242188,42.209442138671875,1.5374069560624022
auto-046,2020-09-25,25.25,91.25,413.5347595214844,58,auto_detected,imd_threshold,452.66562520224517,1563.0074462890625,1563.519818842411,13.837971797449974
auto-047,2022-11-12,11.25,79.5,412.6672668457031,6,auto_detected,imd_threshold,23.67874007605123,79.90850830078125,77.90850830078125,1.4021696919170754
auto-048,2023-07-27,18.25,79.5,410.6325378417969,69,auto_detected,imd_threshold,229.4978867134,443.8020324707031,268.4506378173828,1.2702370601340571
auto-049,2010-06-19,17.75,73.0,403.921875,4,auto_detected,imd_threshold,9.3801258024928,253.83740234375,253.83740234375,1.0649872733026162
auto-050,2018-07-17,20.75,71.0,403.1428527832031,11,auto_detected,imd_threshold,9.865563469955738,52.50163650512695,53.46778738498688,0.8504309438688764
auto-051,2015-12-02,12.25,79.75,399.8245849609375,35,auto_detected,imd_threshold,32.128967857052444,132.16885375976562,132.66885375976562,1.4364398213345217
auto-052,2021-09-14,22.25,70.5,397.7632141113281,27,auto_detected,imd_threshold,104.86412980652797,167.9133758544922,116.41362380981445,0.9246414291785486
auto-053,2020-07-21,25.25,91.25,397.593505859375,51,auto_detected,imd_threshold,452.66562520224517,1563.0074462890625,1563.519818842411,13.837971797449974
auto-054,2015-09-23,25.25,91.25,396.70599365234375,27,auto_detected,imd_threshold,452.66562520224517,1563.0074462890625,1563.519818842411,13.837971797449974
auto-055,2019-06-22,27.0,84.5,395.7613220214844,5,auto_detected,imd_threshold,80.70973380260703,104.3812026977539,33.381202697753906,1.2346412400771374
auto-056,2019-06-29,19.75,72.75,393.8091735839844,133,auto_detected,imd_threshold,22.215243597921233,462.34423828125,463.4287621974945,3.2524834639858904
auto-057,2005-07-04,24.0,78.5,387.4100036621094,179,auto_detected,imd_threshold,466.04105092034985,584.1753540039062,172.150634765625,2.204377249655748
auto-058,2020-07-12,26.75,88.25,384.0602111816406,37,auto_detected,imd_threshold,327.41531882565346,1843.1490478515625,1743.4133071899414,8.772653042349583
auto-059,2022-04-02,25.25,91.25,383.4789733886719,16,auto_detected,imd_threshold,452.66562520224517,1563.0074462890625,1563.519818842411,13.837971797449974
auto-060,2023-09-16,22.0,77.25,380.564697265625,166,auto_detected,imd_threshold,477.54056287336937,746.6396484375,425.85064697265625,8.80953680111675
auto-061,2024-07-20,22.25,69.0,379.8755798339844,34,auto_detected,imd_threshold,17.059791266570006,46.39814758300781,50.59623956680298,0.808725431110143
auto-062,2024-08-28,22.25,69.75,379.7633056640625,109,auto_detected,imd_threshold,51.224072041016626,155.77615356445312,157.5646287202835,1.2314189524738703
auto-063,2013-09-24,20.75,73.25,377.0,74,auto_detected,imd_threshold,93.95791947489138,434.1510314941406,412.6510314941406,4.611071987947023
auto-064,2010-05-20,25.25,91.75,376.696044921875,29,auto_detected,imd_threshold,681.973266045485,1799.258544921875,1795.5780618190765,19.57102940650054
auto-065,2021-09-30,23.5,86.75,375.1247863769531,20,auto_detected,imd_threshold,160.38099307215185,644.0431518554688,536.2969665527344,2.594984254755918
auto-066,2019-07-11,25.25,91.25,374.255615234375,75,auto_detected,imd_threshold,452.66562520224517,1563.0074462890625,1563.519818842411,13.837971797449974
auto-067,2018-09-06,20.25,86.25,371.0582580566406,18,auto_detected,imd_threshold,7.567923367479641,25.361482620239258,25.38658954575658,1.5152663481465087
auto-068,2013-06-17,30.5,77.5,367.3234558105469,68,auto_detected,imd_threshold,660.5010667580686,2097.56640625,1786.3998107910156,15.75404331273127
auto-069,2022-03-26,25.25,91.25,366.7546081542969,8,auto_detected,imd_threshold,452.66562520224517,1563.0074462890625,1563.519818842411,13.837971797449974
auto-070,2018-08-07,19.75,85.5,364.50665283203125,4,auto_detected,imd_threshold,1.4271841628688766,25.96415901184082,26.96415901184082,0.49089032041362074
auto-071,2010-07-10,25.25,91.25,364.0953674316406,26,auto_detected,imd_threshold,452.66562520224517,1563.0074462890625,1563.519818842411,13.837971797449974
auto-072,2014-08-14,25.25,91.25,364.05596923828125,49,auto_detected,imd_threshold,452.66562520224517,1563.0074462890625,1563.519818842411,13.837971797449974
auto-073,2019-06-17,25.25,91.25,363.7828063964844,8,auto_detected,imd_threshold,452.66562520224517,1563.0074462890625,1563.519818842411,13.837971797449974
auto-074,2022-04-04,25.25,91.25,362.1059265136719,19,auto_detected,imd_threshold,452.66562520224517,1563.0074462890625,1563.519818842411,13.837971797449974
auto-075,2015-08-31,25.25,91.25,361.489990234375,24,auto_detected,imd_threshold,452.66562520224517,1563.0074462890625,1563.519818842411,13.837971797449974
auto-076,2024-12-01,12.25,79.5,359.7072448730469,42,auto_detected,imd_threshold,81.76415744110861,385.232421875,349.32079696655273,2.357155292493007
auto-077,2021-07-20,19.25,73.0,359.5329284667969,79,auto_detected,imd_threshold,22.914454423271746,327.08685302734375,327.08685302734375,3.881071999954891
auto-078,2014-10-13,17.5,82.75,358.99029541015625,41,auto_detected,imd_threshold,75.04095488815392,650.380859375,652.8787794113159,6.918401579330102
auto-079,2010-06-20,25.25,91.25,358.65399169921875,26,auto_detected,imd_threshold,452.66562520224517,1563.0074462890625,1563.519818842411,13.837971797449974
auto-080,2019-08-04,22.25,72.5,357.0658264160156,3,auto_detected,imd_threshold,4.1677664534385,32.478965759277344,34.02729082107544,0.2933279848352038
auto-081,2010-07-21,26.75,89.0,355.6509704589844,14,auto_detected,imd_threshold,149.74096252192746,659.2154541015625,588.7154541015625,2.4472157598589583
auto-082,2005-06-08,26.0,84.25,354.40618896484375,1,auto_detected,imd_threshold,60.402857374158316,75.34059143066406,22.340591430664062,1.3091041893809867
auto-083,2023-08-02,20.75,84.0,353.35284423828125,37,auto_detected,imd_threshold,146.17811754327468,587.2255859375,500.2255859375,4.244291172274597
auto-084,2015-07-19,23.75,77.0,352.5901794433594,21,auto_detected,imd_threshold,471.0101790150583,574.4952392578125,140.85836791992188,2.9226408457569675
auto-085,2010-06-07,25.25,91.25,352.2103271484375,29,auto_detected,imd_threshold,452.66562520224517,1563.0074462890625,1563.519818842411,13.837971797449974
auto-086,2018-08-06,23.25,86.75,351.58575439453125,3,auto_detected,imd_threshold,161.06304172832347,277.8807678222656,178.99565887451172,2.37003637784214
auto-087,2024-07-02,21.5,70.25,351.2144775390625,14,auto_detected,imd_threshold,35.511345630634565,137.88479614257812,130.26966285705566,0.8110371914119695
auto-088,2021-09-07,17.75,73.0,350.9029846191406,15,auto_detected,imd_threshold,9.3801258024928,253.83740234375,253.83740234375,1.0649872733026162
auto-089,2018-08-16,18.75,80.25,348.8282775878906,13,auto_detected,imd_threshold,138.1140720670347,497.742919921875,424.4223861694336,4.949028075344298
auto-090,2014-08-25,25.25,91.25,347.0599670410156,19,auto_detected,imd_threshold,452.66562520224517,1563.0074462890625,1563.519818842411,13.837971797449974
auto-091,2021-05-17,17.0,73.25,345.2625427246094,26,auto_detected,imd_threshold,29.945958316765065,252.11520385742188,252.3950300514698,2.501171719787026
auto-092,2013-09-26,22.25,70.75,342.8634033203125,115,auto_detected,imd_threshold,140.42505783555774,228.61224365234375,155.17498016357422,1.3428952043498426
auto-093,2024-07-12,25.25,91.25,342.79034423828125,19,auto_detected,imd_threshold,452.66562520224517,1563.0074462890625,1563.519818842411,13.837971797449974
auto-094,2021-09-17,26.75,82.0,342.450927734375,16,auto_detected,imd_threshold,98.97314450297415,125.94049835205078,39.687278747558594,1.7233150714929808
auto-095,2010-07-27,23.0,69.25,341.8607482910156,6,auto_detected,imd_threshold,100.43901894386669,242.77403259277344,217.39735221862793,2.3049431480570663
auto-096,2024-11-21,9.25,79.25,340.3284912109375,3,auto_detected,imd_threshold,0.6039632695283867,28.46137237548828,34.47112798690796,0.26472778155918075
auto-097,2024-09-01,17.0,79.75,339.81640625,68,auto_detected,imd_threshold,162.32535124426948,404.9706726074219,283.6277847290039,1.6784872499791799
auto-098,2024-12-13,8.75,77.25,339.7210693359375,15,auto_detected,imd_threshold,663.535437770674,1765.465576171875,1698.465576171875,18.66459533317863
auto-099,2023-07-25,18.75,78.25,339.40203857421875,1,auto_detected,imd_threshold,377.9073953985144,506.6202087402344,181.12020874023438,2.116075478996471
auto-100,2014-08-01,22.25,69.0,337.6413269042969,9,auto_detected,imd_threshold,17.059791266570006,46.39814758300781,50.59623956680298,0.808725431110143
auto-101,2023-08-27,25.25,91.25,337.0663757324219,10,auto_detected,imd_threshold,452.66562520224517,1563.0074462890625,1563.519818842411,13.837971797449974
auto-102,2019-07-24,26.5,89.5,337.02947998046875,65,auto_detected,imd_threshold,55.46623743729768,115.29254913330078,81.16199493408203,2.487680769486432
auto-103,2019-05-05,25.25,91.25,336.4823913574219,18,auto_detected,imd_threshold,452.66562520224517,1563.0074462890625,1563.519818842411,13.837971797449974
auto-104,2010-09-15,13.5,75.0,334.9051513671875,3,auto_detected,imd_threshold,394.53756892872565,906.698974609375,873.2494850158691,13.365450635574861
auto-105,2015-07-26,23.75,75.0,334.4832763671875,92,auto_detected,imd_threshold,494.6127939513407,551.301025390625,96.68173217773438,1.3114562002209587
auto-106,2018-06-21,16.5,73.25,332.8304748535156,15,auto_detected,imd_threshold,3.680967644286438,109.52772521972656,110.75070202350616,0.6324978497038727
auto-107,2024-07-06,25.5,76.5,331.81646728515625,12,auto_detected,imd_threshold,229.29271255338693,258.2274169921875,68.2274169921875,1.0150766525227108
auto-108,2019-06-26,26.5,89.25,329.9205322265625,74,auto_detected,imd_threshold,62.32946919440752,112.1822509765625,67.1822509765625,2.1506424705705585
auto-109,2019-08-10,22.25,71.75,329.6915588378906,212,auto_detected,imd_threshold,64.1927227333163,130.82138061523438,105.59665489196777,0.6695321114992795
auto-110,2005-06-28,21.25,85.0,329.48370361328125,55,auto_detected,imd_threshold,122.50348208591791,356.190185546875,283.7549591064453,4.255295027258826
auto-111,2010-04-15,14.25,76.25,328.19146728515625,1,auto_detected,imd_threshold,732.6952475107452,1063.327880859375,410.5255126953125,3.1213282199640897
auto-112,2005-07-25,15.5,74.0,327.73577880859375,62,auto_detected,imd_threshold,92.44182954716318,725.3917846679688,748.8917846679688,10.224099060622645
auto-113,2015-11-10,11.5,79.5,327.3019714355469,71,auto_detected,imd_threshold,30.9297982587566,172.04263305664062,269.43270111083984,1.7396263000608232
auto-114,2022-08-20,32.25,76.25,325.1290283203125,2,auto_detected,imd_threshold,1665.9985564784297,4583.77099609375,4089.956024169922,22.12728832622889
auto-115,2005-07-14,25.25,91.25,324.3186340332031,32,auto_detected,imd_threshold,452.66562520224517,1563.0074462890625,1563.519818842411,13.837971797449974
auto-116,2005-08-26,25.25,91.25,322.8951110839844,63,auto_detected,imd_threshold,452.66562520224517,1563.0074462890625,1563.519818842411,13.837971797449974
auto-117,2023-07-01,21.25,70.75,322.04583740234375,19,auto_detected,imd_threshold,226.93446753184944,636.2529907226562,560.5042953491211,5.122782441395759
auto-118,2014-09-08,21.75,76.25,321.09637451171875,33,auto_detected,imd_threshold,353.91853371593334,428.59832763671875,137.59832763671875,1.2406000329457765
auto-119,2024-08-21,25.25,91.25,320.2956237792969,24,auto_detected,imd_threshold,452.66562520224517,1563.0074462890625,1563.519818842411,13.837971797449974
auto-120,2014-07-31,18.0,73.5,319.7193298339844,107,auto_detected,imd_threshold,189.22994866327048,1086.28466796875,1085.78466796875,13.041515676579762
auto-121,2018-07-18,22.25,69.5,319.0860900878906,21,auto_detected,imd_threshold,23.584258647146132,84.705810546875,91.2675633430481,0.7463242429852776
auto-122,2020-08-07,11.5,76.25,318.7412109375,111,auto_detected,imd_threshold,718.8321580404588,2329.876953125,2305.376953125,15.912321654127537
auto-123,2020-08-24,22.75,70.25,318.4518127441406,43,auto_detected,imd_threshold,2.027161186372277,28.12058448791504,28.12058448791504,0.19728193127797417
auto-124,2010-04-20,25.25,91.5,318.198974609375,28,auto_detected,imd_threshold,649.6917350487892,1774.081298828125,1771.581298828125,18.700545566200166
auto-125,2020-05-24,25.25,91.25,318.1878662109375,70,auto_detected,imd_threshold,452.66562520224517,1563.0074462890625,1563.519818842411,13.837971797449974
auto-126,2024-07-08,15.5,73.75,317.58404541015625,43,auto_detected,imd_threshold,9.001221915519162,124.61033630371094,127.99513363838196,1.8785570841350567
auto-127,2005-10-28,15.0,79.75,316.9741516113281,68,auto_detected,imd_threshold,42.62172736405973,219.64248657226562,209.15753269195557,1.2903981367229496
auto-128,2015-11-16,13.25,80.0,316.61993408203125,68,auto_detected,imd_threshold,26.114027812100634,64.58849334716797,56.56716346740723,1.3142873558449863
auto-129,2021-09-17,26.0,83.0,314.8927917480469,5,auto_detected,imd_threshold,79.56436389348536,94.56968688964844,26.569686889648438,1.7891400579441035
auto-130,2021-08-03,25.25,77.5,314.6354675292969,126,auto_detected,imd_threshold,446.66162579458734,502.8189697265625,154.84280395507812,1.6555784377695575
auto-131,2021-10-20,26.75,88.25,314.34942626953125,23,auto_detected,imd_threshold,327.41531882565346,1843.1490478515625,1743.4133071899414,8.772653042349583
auto-132,2022-10-06,27.25,81.75,314.2337341308594,24,auto_detected,imd_threshold,109.0095106618057,130.88839721679688,31.702552795410156,1.5430520152963423
auto-133,2013-07-24,20.0,76.5,313.7536926269531,7,auto_detected,imd_threshold,560.675238878641,618.6070556640625,106.1070556640625,1.6996920699310942
auto-134,2013-07-03,15.0,74.25,313.2594299316406,66,auto_detected,imd_threshold,420.94307676839003,930.0418090820312,906.0418090820312,15.275922521781453
auto-135,2019-08-09,11.25,77.0,312.4863586425781,2,auto_detected,imd_threshold,363.24101795013803,651.5172729492188,380.51727294921875,2.2128794034383485
auto-136,2023-07-19,33.0,74.75,312.0303955078125,10,auto_detected,imd_threshold,617.1994086055099,1859.2939453125,1519.7939453125,17.16383299477886
auto-137,2010-07-30,18.25,80.75,311.5111083984375,15,auto_detected,imd_threshold,232.66239634051382,946.3008422851562,892.8008422851562,7.2365934118085375
auto-138,2014-08-01,13.5,75.0,310.4722900390625,70,auto_detected,imd_threshold,394.53756892872565,906.698974609375,873.2494850158691,13.365450635574861
auto-139,2014-05-10,25.25,91.5,310.38385009765625,19,auto_detected,imd_threshold,649.6917350487892,1774.081298828125,1771.581298828125,18.700545566200166
auto-140,2021-05-31,25.5,90.0,309.99053955078125,14,auto_detected,imd_threshold,109.90143261889234,672.12158203125,646.12158203125,11.650984769848607
auto-141,2020-08-15,20.75,86.0,308.41705322265625,13,auto_detected,imd_threshold,37.27750525798091,392.04150390625,383.54150390625,3.043142299883728
auto-142,2014-07-22,21.0,82.25,306.749267578125,217,auto_detected,imd_threshold,329.30948238879546,637.9815063476562,351.6875,2.721817144465633
auto-143,2014-08-05,21.5,85.0,306.5026550292969,94,auto_detected,imd_threshold,180.48697235653725,569.2434692382812,450.5122528076172,5.621319012368521
auto-144,2023-07-20,19.0,73.25,305.9085998535156,54,auto_detected,imd_threshold,112.21488767001188,791.1863403320312,784.6045026779175,9.56355345090638
auto-145,2022-08-22,24.0,76.75,305.83984375,170,auto_detected,imd_threshold,399.8837505915889,499.1436767578125,168.69879150390625,3.3324310476767716
auto-146,2005-07-28,23.25,74.5,304.7740478515625,27,auto_detected,imd_threshold,361.6403262428378,604.9833984375,387.8309783935547,5.222589172709047
auto-147,2024-08-25,20.5,72.75,304.6073913574219,63,auto_detected,imd_threshold,0.866967592420291,99.2327651977539,103.35756254196167,0.2215583996795566
auto-148,2019-09-30,22.0,69.75,304.18707275390625,11,auto_detected,imd_threshold,85.5442789766288,136.9224853515625,93.86970520019531,1.1135091261373231
auto-149,2024-09-27,26.25,87.0,304.13372802734375,47,auto_detected,imd_threshold,60.98008765072293,79.67716979980469,28.488529205322266,1.3606014051659812
auto-150,2015-07-11,22.75,84.5,302.2781677246094,9,auto_detected,imd_threshold,519.8193416896114,900.7142333984375,526.7142333984375,7.185528914907105
auto-151,2021-07-31,25.25,77.0,302.16436767578125,10,auto_detected,imd_threshold,456.0885596354167,549.5587768554688,170.0120849609375,1.534074119833143
auto-152,2013-06-29,26.75,83.0,301.6861572265625,16,auto_detected,imd_threshold,80.9654544805456,99.70565032958984,29.715240478515625,1.3608122600463015
auto-153,2018-09-10,27.0,88.75,301.1708679199219,18,auto_detected,imd_threshold,1493.374259145327,3151.952880859375,2851.952880859375,25.734566288116675
auto-154,2018-08-09,11.25,76.0,301.1153869628906,7,auto_detected,imd_threshold,142.70823928705556,1219.9713134765625,1217.4713134765625,12.589785933022242
auto-155,2021-05-28,25.0,87.75,301.09906005859375,23,auto_detected,imd_threshold,73.79813876365132,366.6519775390625,371.6519775390625,4.026101813650741
auto-156,2020-09-23,19.0,73.0,300.586669921875,3,auto_detected,imd_threshold,31.08190206907068,406.7658996582031,417.7262773513794,4.687056262558241
auto-157,2023-06-16,25.25,91.0,300.281494140625,36,auto_detected,imd_threshold,266.7574070385238,815.5794677734375,816.9202536344528,9.866733628827385
auto-158,2024-07-25,18.75,73.25,299.0367431640625,48,auto_detected,imd_threshold,163.27324392957755,799.4010620117188,799.4010620117188,11.185788071286034
auto-159,2005-02-08,32.75,78.75,299.0000305175781,48,auto_detected,imd_threshold,5199.161048878159,6383.1708984375,2040.13818359375,16.032690721517582
auto-160,2018-06-24,25.25,91.25,298.4367980957031,10,auto_detected,imd_threshold,452.66562520224517,1563.0074462890625,1563.519818842411,13.837971797449974
auto-161,2005-06-19,13.5,74.75,297.2447204589844,38,auto_detected,imd_threshold,16.164051876080208,135.68666076660156,138.79427361488342,3.6758152904732095
auto-162,2019-08-07,19.5,83.0,296.6811218261719,44,auto_detected,imd_threshold,845.6072000675155,1157.36865234375,610.2921142578125,14.390069238255352
auto-163,2013-06-15,20.25,77.25,296.5456237792969,5,auto_detected,imd_threshold,492.6539423723386,570.7285766601562,194.603271484375,2.217382764013933
auto-164,2019-08-16,25.0,75.0,295.4551086425781,57,auto_detected,imd_threshold,423.47633264341,598.3916015625,227.62564086914062,2.349133633402962
auto-165,2021-09-01,20.25,72.75,295.3651123046875,9,auto_detected,imd_threshold,11.787641429865838,230.717041015625,234.66493463516235,1.6570353519961247
auto-166,2019-07-31,33.0,74.75,295.3419494628906,6,auto_detected,imd_threshold,617.1994086055099,1859.2939453125,1519.7939453125,17.16383299477886
auto-167,2010-08-22,25.25,91.25,294.7672119140625,20,auto_detected,imd_threshold,452.66562520224517,1563.0074462890625,1563.519818842411,13.837971797449974
auto-168,2018-08-16,9.5,76.75,294.6913757324219,121,auto_detected,imd_threshold,97.49725719872772,707.9955444335938,706.9955444335938,10.707841866547316
auto-169,2022-06-29,26.25,87.0,294.4125671386719,7,auto_detected,imd_threshold,60.98008765072293,79.67716979980469,28.488529205322266,1.3606014051659812
auto-170,2010-09-18,26.75,82.5,293.9415283203125,4,auto_detected,imd_threshold,89.82586856150687,109.21635437011719,30.445472717285156,1.4669357649281902
auto-171,2020-10-24,25.25,91.25,293.583984375,18,auto_detected,imd_threshold,452.66562520224517,1563.0074462890625,1563.519818842411,13.837971797449974
auto-172,2005-08-25,26.75,84.5,292.2693176269531,10,auto_detected,imd_threshold,73.6514523445412,97.34042358398438,32.37542724609375,1.5018620043183728
auto-173,2015-06-22,18.0,73.5,292.21405029296875,61,auto_detected,imd_threshold,189.22994866327048,1086.28466796875,1085.78466796875,13.041515676579762
auto-174,2018-08-24,25.75,85.75,292.0879211425781,2,auto_detected,imd_threshold,46.34189266841559,68.31361389160156,32.69660186767578,1.6090809917694047
auto-175,2005-07-30,21.0,84.0,291.88250732421875,81,auto_detected,imd_threshold,166.85416417763793,460.3348388671875,342.3348388671875,4.0605864905349724
auto-176,2024-09-12,24.0,76.75,290.703369140625,4,auto_detected,imd_threshold,399.8837505915889,499.1436767578125,168.69879150390625,3.3324310476767716
auto-177,2018-07-09,20.0,72.5,290.2990417480469,69,auto_detected,imd_threshold,0.0,0.0,0.0,0.0
auto-178,2023-12-06,17.25,81.0,290.1873474121094,55,auto_detected,imd_threshold,192.1096567139237,418.689697265625,325.4337692260742,3.8375293346586443
auto-179,2020-08-23,23.75,74.5,290.1280517578125,21,auto_detected,imd_threshold,257.6105589256569,523.87353515625,349.87278747558594,5.925901788019913
auto-180,2013-07-09,26.5,89.5,290.08917236328125,51,auto_detected,imd_threshold,55.46623743729768,115.29254913330078,81.16199493408203,2.487680769486432
auto-181,2021-11-10,10.75,79.75,289.55908203125,13,auto_detected,imd_threshold,5.092785068616215,24.988788604736328,28.575942277908325,1.166914265618026
auto-182,2023-09-23,25.75,85.75,289.5222473144531,7,auto_detected,imd_threshold,46.34189266841559,68.31361389160156,32.69660186767578,1.6090809917694047
auto-183,2010-10-09,25.25,91.25,288.7628173828125,19,auto_detected,imd_threshold,452.66562520224517,1563.0074462890625,1563.519818842411,13.837971797449974
auto-184,2018-10-12,20.25,84.25,287.218994140625,57,auto_detected,imd_threshold,693.782243319137,1157.767578125,639.267578125,11.205985427840798
auto-185,2010-07-31,30.25,77.75,286.5340270996094,8,auto_detected,imd_threshold,479.9608816746841,925.899658203125,631.4476013183594,8.282482023191411
auto-186,2021-08-26,25.25,91.25,286.468017578125,12,auto_detected,imd_threshold,452.66562520224517,1563.0074462890625,1563.519818842411,13.837971797449974
auto-187,2018-08-24,32.25,76.25,285.9527587890625,1,auto_detected,imd_threshold,1665.9985564784297,4583.77099609375,4089.956024169922,22.12728832622889
auto-188,2024-08-20,23.5,91.25,285.3368835449219,15,auto_detected,imd_threshold,24.494393320088403,104.91773223876953,105.51974493265152,5.622497049901247
auto-189,2019-08-01,22.25,73.25,284.1495361328125,4,auto_detected,imd_threshold,35.410599167588316,70.63134002685547,59.51955986022949,1.2178504405203239
auto-190,2018-08-20,17.5,81.0,283.40838623046875,16,auto_detected,imd_threshold,169.92695712981518,669.52099609375,651.1297245025635,9.052037601911076
auto-191,2015-07-20,22.75,77.0,283.277099609375,20,auto_detected,imd_threshold,350.5235089592074,530.3499755859375,245.09005737304688,3.113333944657891
auto-192,2013-06-27,25.25,91.25,283.015625,16,auto_detected,imd_threshold,452.66562520224517,1563.0074462890625,1563.519818842411,13.837971797449974
auto-193,2023-07-09,30.75,76.75,283.01165771484375,83,auto_detected,imd_threshold,350.4123320900246,613.9252319335938,332.53662109375,3.6956463194914755
auto-194,2019-09-29,25.75,85.75,283.00262451171875,49,auto_detected,imd_threshold,46.34189266841559,68.31361389160156,32.69660186767578,1.6090809917694047
auto-195,2023-08-02,21.75,85.75,282.4942626953125,19,auto_detected,imd_threshold,391.95462889487186,549.1880493164062,240.18804931640625,2.7242958787633875
auto-196,2024-08-27,22.5,72.5,281.9210510253906,44,auto_detected,imd_threshold,12.459414727498132,35.4682731628418,34.15268313884735,0.5763754954966556
auto-197,2024-08-29,23.25,68.75,281.8950500488281,48,auto_detected,imd_threshold,11.627638052476021,51.99586486816406,56.666218757629395,0.7759556243644358
auto-198,2020-08-16,18.75,80.25,281.5672607421875,60,auto_detected,imd_threshold,138.1140720670347,497.742919921875,424.4223861694336,4.949028075344298
auto-199,2021-07-04,25.25,91.25,281.5387268066406,16,auto_detected,imd_threshold,452.66562520224517,1563.0074462890625,1563.519818842411,13.837971797449974
auto-200,2021-08-23,25.25,91.25,281.2435302734375,15,auto_detected,imd_threshold,452.66562520224517,1563.0074462890625,1563.519818842411,13.837971797449974
